## RECSRecommendations Upload File,,,,,,,,,,,,,,,,,,
## RECS''## RECS'' indicates a Recommendations pre-process header. Please do not remove these lines.,,,,,,,,,,,,,,,,,,
## RECS,,,,,,,,,,,,,,,,,,
## RECSUse this file to upload product display information to Recommendations. Each product has its own row. Each line must contain 19 values and if not all are filled a space should be left.,,,,,,,,,,,,,,,,,,
## RECSThe last 100 columns (entity.custom1 - entity.custom100) are custom. The name 'customN' can be replaced with a custom name such as 'onSale' or 'brand'.,,,,,,,,,,,,,,,,,,
## RECSIf the products already exist in Recommendations then changes uploaded here will override the data in Recommendations. Any new attributes entered here will be added to the product''s entry in Recommendations.,,,,,,,,,,,,,,,,,,
## RECSentity.id,entity.name,entity.categoryId,entity.message,entity.thumbnailUrl,entity.value,entity.pageUrl,entity.inventory,entity.margin,entity.Type,entity.DemoScope,entity.Set,entity.ImageType,entity.custom5,entity.custom6,entity.custom7,entity.custom8,entity.custom9,entity.custom10
prod001,Pumps & Motor,Heavy Duty,Pumps & Motors,https://mcprod.sandstruck.com/media/heavy-duty-parts/heavy-duty-pump-motors.jpg,,https://mcprod.sandstruck.com/media/heavy-duty-parts/heavy-duty-pump-motors.jpg,,,Heavy Duty,Heavy Duty,Set1,Square,,,,,,
prod002,Power Take Off,Heavy Duty,Power Take Off,https://mcprod.sandstruck.com/media/heavy-duty-parts/heavy-duty-pto-assemblies.jpg,,https://mcprod.sandstruck.com/media/heavy-duty-parts/heavy-duty-pto-assemblies.jpg,,,Heavy Duty,ATDemo,Set2,Square,,,,,,
prod003,Break Component,Heavy Duty,Break Component,https://mcprod.sandstruck.com/media/heavy-duty-parts/heavy-duty-brake-components.jpg,,https://mcprod.sandstruck.com/media/heavy-duty-parts/heavy-duty-brake-components.jpg,,,Heavy Duty,ATDemo,Set3,Square,,,,,,
prod004,Air Break Chambers,Heavy Duty,Air Break Chambers,https://mcprod.sandstruck.com/media/heavy-duty-parts/heavy-duty-air-brake.jpg,,https://mcprod.sandstruck.com/media/heavy-duty-parts/heavy-duty-air-brake.jpg,,,Heavy Duty,ATDemo,Set4,Square,,,,,,
prod005,Suspension,Light Duty,Suspension,https://mcprod.sandstruck.com/media/light-duty-parts/light-duty-suspension.jpg,,https://mcprod.sandstruck.com/media/light-duty-parts/light-duty-suspension.jpg,,,Light Duty,ATDemo,Set5,Square,,,,,,
prod006,Tools & Lubes,Light Duty,Tools & Lubes,https://mcprod.sandstruck.com/media/light-duty-parts/light-duty-tools-lubricants.jpg,,https://mcprod.sandstruck.com/media/light-duty-parts/light-duty-tools-lubricants.jpg,,,Light Duty,ATDemo,Set6,Square,,,,,,
prod007,Drive Shafts,Light Duty,Drive Shafts,https://mcprod.sandstruck.com/media/light-duty-parts/light-duty-driveshafts.jpg,,https://mcprod.sandstruck.com/media/light-duty-parts/light-duty-driveshafts.jpg,,,Light Duty,ATDemo,Set7,Square,,,,,,
prod008,Complete Manual Transmission,Light Duty,Complete Manual Transmission,https://mcprod.sandstruck.com/media/light-duty-parts/light-duty-complete-manual-transmissions.jpg,,https://mcprod.sandstruck.com/media/light-duty-parts/light-duty-complete-manual-transmissions.jpg,,,Light Duty,ATDemo,Set8,Square,,,,,,